Workbook

Sheet Leia-me
A1: Planilha de balanceamento – Aethelgard (v0.3)
A3: Objetivo: calibrar a progressão por uso. O ritmo segue o de ARPGs clássicos (Diablo II em Normal), mas com curvas próprias por fórmula.
A4: O jogo (código Python) lê os mesmos parâmetros de src/aethelgard/data/curves.json e balance.json; a simulação do código dá o mesmo resultado desta planilha.
A6: Abas:
A7: Parâmetros – tudo que pode ser ajustado. Mude aqui e o resto recalcula.
A8: Curvas – parâmetros a, p, g das fórmulas e as tabelas geradas (XP da proficiência e escala dos monstros por nível).
A9: Curva – XP por nível da proficiência e quantos abates cada nível exige.
A10: Monstros – vida, dano e XP por nível de monstro, já com os multiplicadores de champion, único e minion.
A11: Fator Nível – multiplicador de XP pela diferença de nível.
A12: Simulação Ato 1 – em que nível cada proficiência chega ao fim de cada área do MVP.
A14: Convenção de cores:
A15: Azul com fundo amarelo = valor de entrada (pode editar).
... A27: Referências de ritmo: Fonte: classic.battle.net/diablo2exp/monsters/bonus.shtml (dificuldade Normal) · Fonte: classic.battle.net/diablo2exp/basics/experience.shtml (tabela para personagens abaixo do nível 25)

Sheet Parâmetros
A1: Parâmetros de balanceamento
A2: Edite só as células azuis com fundo amarelo.
A4: Parâmetro | B4: Valor | C4: Observação / fonte
A5: Escala extra da curva de XP | B5: 1 | C5: Multiplica a curva da aba Curvas. 1,0 = como no jogo.
A6: Exp% médio de um monstro normal | B6: 0.9 | C6: Cada tipo de monstro tem o seu (monsters.json, expPct de 80 a 120). Usamos a média.
A7: Fração do XP de abate para a proficiência principal (Lâminas) | B7: 0.85 | C7: Nosso. O resto vem de habilidades de outras árvores (ex.: Golpe de Escudo).
A8: XP defensivo médio do Escudo (% do XP do abate) | B8: 0.3 | C8: Nosso. Depende de quantos golpes são bloqueados.
A9: XP defensivo médio da Couraça (% do XP do abate) | B9: 0.15 | C9: Nosso. Depende da armadura.
A10: XP por golpe defendido (× XP_base do monstro) | B10: 0.1 | C10: Nosso (v0.1 usava 0,15).
A11: Teto de XP defensivo por monstro (× XP_base) | B11: 0.75 | C11: Nosso (v0.1 usava 1,5). Escudo + Couraça somados.
A12: Nível máximo de proficiência no MVP | B12: 30 | C12: Nosso.
A14: Tipos de monstro (multiplicadores sobre o monstro normal)
A15: Tipo | B15: + Nível | C15: Vida × | D15: XP × | E15: Dano extra | F15: Precisão extra | G15: Observação / fonte
A16: Normal | B16: 0 | C16: 1 | D16: 1 | E16: 0 | F16: 0 | G16: Referência.
A17: Champion | B17: 2 | C17: 3 | D17: 3 | E17: 0.9 | F17: 0.67 | G17: Fonte: classic.battle.net/diablo2exp/monsters/bonus.shtml (dificuldade Normal)
A18: Champion Berserker (variante) | B18: 2 | C18: 3 | D18: 5 | E18: 2.7 | F18: 2.7 | G18: Fonte: classic.battle.net/diablo2exp/monsters/bonus.shtml (dificuldade Normal). 1 por pacote, chance de 1 em 5.
A19: Único (líder) | B19: 3 | C19: 4 | D19: 5 | E19: 0 | F19: 0 | G19: Fonte: classic.battle.net/diablo2exp/monsters/bonus.shtml (dificuldade Normal). Dano/precisão extra (+135%/+90%) só com o modificador Extra Forte.
A20: Minion | B20: 3 | C20: 2 | D20: 5 | E20: 0 | F20: 0 | G20: Fonte: classic.battle.net/diablo2exp/monsters/bonus.shtml (dificuldade Normal). +67%/+45% só se o líder tiver Extra Forte.
A21: Chefe | B21: 0 | C21: 1 | D21: 15 | E21: 0 | F21: 0 | G21: Nosso: nível e vida fixos por chefe; XP ×15.
A23: Spawn e tamanho das áreas
A24: Parâmetro | B24: Valor | C24: Observação / fonte
A25: Pacotes especiais por área ou andar (média) | B25: 1.5 | C25: balance.json → spawn: 1 a 2 por área.
A26: Chance de o pacote especial ser único | B26: 0.8 | C26: Fonte: classic.battle.net/diablo2exp/monsters/bonus.shtml (dificuldade Normal) (80% único, 20% champion).
A27: Monstros por pacote de champions (média) | B27: 3 | C27: Fonte: classic.battle.net/diablo2exp/monsters/bonus.shtml (dificuldade Normal) (2–4).
A28: Minions por único (média) | B28: 4.5 | C28: Fonte: classic.battle.net/diablo2exp/monsters/bonus.shtml (dificuldade Normal) (3–6).
A29: Monstros por grupo normal (média) | B29: 4 | C29: Nosso. Ajuste conforme a densidade desejada.
A30: Grupos normais por área aberta | B30: 22 | C30: Nosso. ~90 monstros por área aberta.
A31: Grupos normais por andar de masmorra | B31: 16 | C31: Nosso. ~65 monstros por andar.
A32: Nível do chefe do Ato 1 | B32: 12 | C32: monsters.json → bosses.

Sheet Simulação Ato 1
A1: Simulação de progressão – Ato 1 do MVP
A2: Supõe que o jogador limpa cada área inteira, na ordem. Nível de entrada = nível da proficiência ao chegar na área. Edite a coluna de nível e o tipo de área (Aberta/Masmorra/Chefe).
A4: Área | B4: Tipo | C4: Nível dos monstros | D4: Monstros normais | E4: Pacotes especiais | F4: Lâminas: nível na entrada | G4: XP normais | H4: XP únicos + minions | I4: XP champions | J4: XP do abate (total) | K4: Lâminas: XP ganho | L4: Lâminas: XP acumulado | M4: Lâminas: nível na saída | N4: Escudo: nível na entrada | O4: Escudo: XP ganho | P4: Escudo: XP acumulado | Q4: Escudo: nível na saída | R4: Couraça: nível na entrada | S4: Couraça: XP ganho | T4: Couraça: XP acumulado | U4: Couraça: nível na saída | V4: Nível do personagem (NP)
A5: Planície Sangrenta | B5: Aberta | C5: 2 | D5: =IF(B5="Aberta",Parâmetros!$B$30,Parâmetros!$B$31)*Parâmetros!$B$29 -> 88 | E5: =Parâmetros!$B$25 -> 1.5 | F5: =MIN(Parâmetros!$B$12,MATCH(0,Curva!$D$5:$D$44,1)) -> 1 | G5: =D5*INDEX(Curvas!$G$14:$G$112,MATCH(C5,Curvas!$A$14:$A$112,0))*Parâmetros!$B$6*INDEX('Fator Nível'!$B$5:$B$25,MATCH(MAX(-10,MIN(10,C5-F5)),'Fator Nível'!$A$5:$A$25,0)) -> 3025.44 | H5: =E5*Parâmetros!$B$26*(INDEX(Curvas!$G$14:$G$112,MATCH(C5+Parâmetros!$B$19,Curvas!$A$14:$A$112,0))*Parâmetros!$B$6*Parâmetros!$D$19*INDEX('Fator Nível'!$B$5:$B$25,MATCH(MAX(-10,MIN(10,C5+Parâmetros!$B$19-F5)),'Fator Nível'!$A$5:$A$25,0))+Parâmetros!$B$28*INDEX(Curvas!$G$14:$G$112,MATCH(C5+Parâmetros!$B$20,Curvas!$A$14:$A$112,0))*Parâmetros!$B$6*Parâmetros!$D$20*INDEX('Fator Nível'!$B$5:$B$25,MATCH(MAX(-10,MIN(10,C5+Parâmetros!$B$20-F5)),'Fator Nível'!$A$5:$A$25,0))) -> 2102.76 | I5: =E5*(1-Parâmetros!$B$26)*Parâmetros!$B$27*INDEX(Curvas!$G$14:$G$112,MATCH(C5+Parâmetros!$B$17,Curvas!$A$14:$A$112,0))*Parâmetros!$B$6*Parâmetros!$D$17*INDEX('Fator Nível'!$B$5:$B$25,MATCH(MAX(-10,MIN(10,C5+Parâmetros!$B$17-F5)),'Fator Nível'!$A$5:$A$25,0)) -> 146.043 | J5: =G5+H5+I5 -> 5274.243 | K5: =J5*Parâmetros!$B$7 -> 4483.1066 | L5: =0+K5 -> 4483.1066 | M5: =MIN(Parâmetros!$B$12,MATCH(L5,Curva!$D$5:$D$44,1)) -> 5 | N5: =MIN(Parâmetros!$B$12,MATCH(0,Curva!$D$5:$D$44,1)) -> 1 | O5: =IF(F5=0,0,J5*Parâmetros!$B$8*INDEX('Fator Nível'!$B$5:$B$25,MATCH(MAX(-10,MIN(10,C5-N5)),'Fator Nível'!$A$5:$A$25,0))/INDEX('Fator Nível'!$B$5:$B$25,MATCH(MAX(-10,MIN(10,C5-F5)),'Fator Nível'!$A$5:$A$25,0))) -> 1582.2729 | P5: =0+O5 -> 1582.2729 | Q5: =MIN(Parâmetros!$B$12,MATCH(P5,Curva!$D$5:$D$44,1)) -> 3 | R5: =MIN(Parâmetros!$B$12,MATCH(0,Curva!$D$5:$D$44,1)) -> 1 | S5: =IF(F5=0,0,J5*Parâmetros!$B$9*INDEX('Fator Nível'!$B$5:$B$25,MATCH(MAX(-10,MIN(10,C5-R5)),'Fator Nível'!$A$5:$A$25,0))/INDEX('Fator Nível'!$B$5:$B$25,MATCH(MAX(-10,MIN(10,C5-F5)),'Fator Nível'!$A$5:$A$25,0))) -> 791.13645 | T5: =0+S5 -> 791.13645 | U5: =MIN(Parâmetros!$B$12,MATCH(T5,Curva!$D$5:$D$44,1)) -> 2 | V5: =MAX(M5,Q5,U5)+INT(0.25*(M5+Q5+U5-MAX(M5,Q5,U5))) -> 6
A6: Caverna Rasa – andar 1 | B6: Masmorra | C6: 3 | D6: =IF(B6="Aberta",Parâmetros!$B$30,Parâmetros!$B$31)*Parâmetros!$B$29 -> 64 | E6: =Parâmetros!$B$25 -> 1.5 | F6: =MIN(Parâmetros!$B$12,MATCH(L5,Curva!$D$5:$D$44,1)) -> 5 | G6: =D6*INDEX(Curvas!$G$14:$G$112,MATCH(C6,Curvas!$A$14:$A$112,0))*Parâmetros!$B$6*INDEX('Fator Nível'!$B$5:$B$25,MATCH(MAX(-10,MIN(10,C6-F6)),'Fator Nível'!$A$5:$A$25,0)) -> 2845.44 | H6: =E6*Parâmetros!$B$26*(INDEX(Curvas!$G$14:$G$112,MATCH(C6+Parâmetros!$B$19,Curvas!$A$14:$A$112,0))*Parâmetros!$B$6*Parâmetros!$D$19*INDEX('Fator Nível'!$B$5:$B$25,MATCH(MAX(-10,MIN(10,C6+Parâmetros!$B$19-F6)),'Fator Nível'!$A$5:$A$25,0))+Parâmetros!$B$28*INDEX(Curvas!$G$14:$G$112,MATCH(C6+Parâmetros!$B$20,Curvas!$A$14:$A$112,0))*Parâmetros!$B$6*Parâmetros!$D$20*INDEX('Fator Nível'!$B$5:$B$25,MATCH(MAX(-10,MIN(10,C6+Parâmetros!$B$20-F6)),'Fator Nível'!$A$5:$A$25,0))) -> 2426.49 | I6: =E6*(1-Parâmetros!$B$26)*Parâmetros!$B$27*INDEX(Curvas!$G$14:$G$112,MATCH(C6+Parâmetros!$B$17,Curvas!$A$14:$A$112,0))*Parâmetros!$B$6*Parâmetros!$D$17*INDEX('Fator Nível'!$B$5:$B$25,MATCH(MAX(-10,MIN(10,C6+Parâmetros!$B$17-F6)),'Fator Nível'!$A$5:$A$25,0)) -> 172.044 | J6: =G6+H6+I6 -> 5443.974 | K6: =J6*Parâmetros!$B$7 -> 4627.3779 | L6: =L5+K6 -> 9110.4844 | M6: =MIN(Parâmetros!$B$12,MATCH(L6,Curva!$D$5:$D$44,1)) -> 7 | N6: =MIN(Parâmetros!$B$12,MATCH(P5,Curva!$D$5:$D$44,1)) -> 3 | O6: =IF(F6=0,0,J6*Parâmetros!$B$8*INDEX('Fator Nível'!$B$5:$B$25,MATCH(MAX(-10,MIN(10,C6-N6)),'Fator Nível'!$A$5:$A$25,0))/INDEX('Fator Nível'!$B$5:$B$25,MATCH(MAX(-10,MIN(10,C6-F6)),'Fator Nível'!$A$5:$A$25,0))) -> 1633.1922 | P6: =P5+O6 -> 3215.4651 | Q6: =MIN(Parâmetros!$B$12,MATCH(P6,Curva!$D$5:$D$44,1)) -> 4 | R6: =MIN(Parâmetros!$B$12,MATCH(T5,Curva!$D$5:$D$44,1)) -> 2 | S6: =IF(F6=0,0,J6*Parâmetros!$B$9*INDEX('Fator Nível'!$B$5:$B$25,MATCH(MAX(-10,MIN(10,C6-R6)),'Fator Nível'!$A$5:$A$25,0))/INDEX('Fator Nível'!$B$5:$B$25,MATCH(MAX(-10,MIN(10,C6-F6)),'Fator Nível'!$A$5:$A$25,0))) -> 816.5961 | T6: =T5+S6 -> 1607.7325 | U6: =MIN(Parâmetros!$B$12,MATCH(T6,Curva!$D$5:$D$44,1)) -> 3 | V6: =MAX(M6,Q6,U6)+INT(0.25*(M6+Q6+U6-MAX(M6,Q6,U6))) -> 8
A7: Caverna Rasa – andar 2 | B7: Masmorra | C7: 4 | D7: =IF(B7="Aberta",Parâmetros!$B$30,Parâmetros!$B$31)*Parâmetros!$B$29 -> 64 | E7: =Parâmetros!$B$25 -> 1.5 | F7: =MIN(Parâmetros!$B$12,MATCH(L6,Curva!$D$5:$D$44,1)) -> 7 | G7: =D7*INDEX(Curvas!$G$14:$G$112,MATCH(C7,Curvas!$A$14:$A$112,0))*Parâmetros!$B$6*INDEX('Fator Nível'!$B$5:$B$25,MATCH(MAX(-10,MIN(10,C7-F7)),'Fator Nível'!$A$5:$A$25,0)) -> 3461.76 | H7: =E7*Parâmetros!$B$26*(INDEX(Curvas!$G$14:$G$112,MATCH(C7+Parâmetros!$B$19,Curvas!$A$14:$A$112,0))*Parâmetros!$B$6*Parâmetros!$D$19*INDEX('Fator Nível'!$B$5:$B$25,MATCH(MAX(-10,MIN(10,C7+Parâmetros!$B$19-F7)),'Fator Nível'!$A$5:$A$25,0))+Parâmetros!$B$28*INDEX(Curvas!$G$14:$G$112,MATCH(C7+Parâmetros!$B$20,Curvas!$A$14:$A$112,0))*Parâmetros!$B$6*Parâmetros!$D$20*INDEX('Fator Nível'!$B$5:$B$25,MATCH(MAX(-10,MIN(10,C7+Parâmetros!$B$20-F7)),'Fator Nível'!$A$5:$A$25,0))) -> 2759.13 | I7: =E7*(1-Parâmetros!$B$26)*Parâmetros!$B$27*INDEX(Curvas!$G$14:$G$112,MATCH(C7+Parâmetros!$B$17,Curvas!$A$14:$A$112,0))*Parâmetros!$B$6*Parâmetros!$D$17*INDEX('Fator Nível'!$B$5:$B$25,MATCH(MAX(-10,MIN(10,C7+Parâmetros!$B$17-F7)),'Fator Nível'!$A$5:$A$25,0)) -> 198.531 | J7: =G7+H7+I7 -> 6419.421 | K7: =J7*Parâmetros!$B$7 -> 5456.5078 | L7: =L6+K7 -> 14566.992 | M7: =MIN(Parâmetros!$B$12,MATCH(L7,Curva!$D$5:$D$44,1)) -> 8 | N7: =MIN(Parâmetros!$B$12,MATCH(P6,Curva!$D$5:$D$44,1)) -> 4 | O7: =IF(F7=0,0,J7*Parâmetros!$B$8*INDEX('Fator Nível'!$B$5:$B$25,MATCH(MAX(-10,MIN(10,C7-N7)),'Fator Nível'!$A$5:$A$25,0))/INDEX('Fator Nível'!$B$5:$B$25,MATCH(MAX(-10,MIN(10,C7-F7)),'Fator Nível'!$A$5:$A$25,0))) -> 1925.8263 | P7: =P6+O7 -> 5141.2914 | Q7: =MIN(Parâmetros!$B$12,MATCH(P7,Curva!$D$5:$D$44,1)) -> 5 | R7: =MIN(Parâmetros!$B$12,MATCH(T6,Curva!$D$5:$D$44,1)) -> 3 | S7: =IF(F7=0,0,J7*Parâmetros!$B$9*INDEX('Fator Nível'!$B$5:$B$25,MATCH(MAX(-10,MIN(10,C7-R7)),'Fator Nível'!$A$5:$A$25,0))/INDEX('Fator Nível'!$B$5:$B$25,MATCH(MAX(-10,MIN(10,C7-F7)),'Fator Nível'!$A$5:$A$25,0))) -> 962.91315 | T7: =T6+S7 -> 2570.6457 | U7: =MIN(Parâmetros!$B$12,MATCH(T7,Curva!$D$5:$D$44,1)) -> 4 | V7: =MAX(M7,Q7,U7)+INT(0.25*(M7+Q7+U7-MAX(M7,Q7,U7))) -> 10
A8: Bosque Sombrio | B8: Aberta | C8: 5 | D8: =IF(B8="Aberta",Parâmetros!$B$30,Parâmetros!$B$31)*Parâmetros!$B$29 -> 88 | E8: =Parâmetros!$B$25 -> 1.5 | F8: =MIN(Parâmetros!$B$12,MATCH(L7,Curva!$D$5:$D$44,1)) -> 8 | G8: =D8*INDEX(Curvas!$G$14:$G$112,MATCH(C8,Curvas!$A$14:$A$112,0))*Parâmetros!$B$6*INDEX('Fator Nível'!$B$5:$B$25,MATCH(MAX(-10,MIN(10,C8-F8)),'Fator Nível'!$A$5:$A$25,0)) -> 5607.36 | H8: =E8*Parâmetros!$B$26*(INDEX(Curvas!$G$14:$G$112,MATCH(C8+Parâmetros!$B$19,Curvas!$A$14:$A$112,0))*Parâmetros!$B$6*Parâmetros!$D$19*INDEX('Fator Nível'!$B$5:$B$25,MATCH(MAX(-10,MIN(10,C8+Parâmetros!$B$19-F8)),'Fator Nível'!$A$5:$A$25,0))+Parâmetros!$B$28*INDEX(Curvas!$G$14:$G$112,MATCH(C8+Parâmetros!$B$20,Curvas!$A$14:$A$112,0))*Parâmetros!$B$6*Parâmetros!$D$20*INDEX('Fator Nível'!$B$5:$B$25,MATCH(MAX(-10,MIN(10,C8+Parâmetros!$B$20-F8)),'Fator Nível'!$A$5:$A$25,0))) -> 3106.62 | I8: =E8*(1-Parâmetros!$B$26)*Parâmetros!$B$27*INDEX(Curvas!$G$14:$G$112,MATCH(C8+Parâmetros!$B$17,Curvas!$A$14:$A$112,0))*Parâmetros!$B$6*Parâmetros!$D$17*INDEX('Fator Nível'!$B$5:$B$25,MATCH(MAX(-10,MIN(10,C8+Parâmetros!$B$17-F8)),'Fator Nível'!$A$5:$A$25,0)) -> 225.747 | J8: =G8+H8+I8 -> 8939.727 | K8: =J8*Parâmetros!$B$7 -> 7598.768 | L8: =L7+K8 -> 22165.76 | M8: =MIN(Parâmetros!$B$12,MATCH(L8,Curva!$D$5:$D$44,1)) -> 9 | N8: =MIN(Parâmetros!$B$12,MATCH(P7,Curva!$D$5:$D$44,1)) -> 5 | O8: =IF(F8=0,0,J8*Parâmetros!$B$8*INDEX('Fator Nível'!$B$5:$B$25,MATCH(MAX(-10,MIN(10,C8-N8)),'Fator Nível'!$A$5:$A$25,0))/INDEX('Fator Nível'!$B$5:$B$25,MATCH(MAX(-10,MIN(10,C8-F8)),'Fator Nível'!$A$5:$A$25,0))) -> 2681.9181 | P8: =P7+O8 -> 7823.2095 | Q8: =MIN(Parâmetros!$B$12,MATCH(P8,Curva!$D$5:$D$44,1)) -> 6 | R8: =MIN(Parâmetros!$B$12,MATCH(T7,Curva!$D$5:$D$44,1)) -> 4 | S8: =IF(F8=0,0,J8*Parâmetros!$B$9*INDEX('Fator Nível'!$B$5:$B$25,MATCH(MAX(-10,MIN(10,C8-R8)),'Fator Nível'!$A$5:$A$25,0))/INDEX('Fator Nível'!$B$5:$B$25,MATCH(MAX(-10,MIN(10,C8-F8)),'Fator Nível'!$A$5:$A$25,0))) -> 1340.959 | T8: =T7+S8 -> 3911.6047 | U8: =MIN(Parâmetros!$B$12,MATCH(T8,Curva!$D$5:$D$44,1)) -> 5 | V8: =MAX(M8,Q8,U8)+INT(0.25*(M8+Q8+U8-MAX(M8,Q8,U8))) -> 11
A9: Colinas Rochosas | B9: Aberta | C9: 7 | D9: =IF(B9="Aberta",Parâmetros!$B$30,Parâmetros!$B$31)*Parâmetros!$B$29 -> 88 | E9: =Parâmetros!$B$25 -> 1.5 | F9: =MIN(Parâmetros!$B$12,MATCH(L8,Curva!$D$5:$D$44,1)) -> 9 | G9: =D9*INDEX(Curvas!$G$14:$G$112,MATCH(C9,Curvas!$A$14:$A$112,0))*Parâmetros!$B$6*INDEX('Fator Nível'!$B$5:$B$25,MATCH(MAX(-10,MIN(10,C9-F9)),'Fator Nível'!$A$5:$A$25,0)) -> 7357.68 | H9: =E9*Parâmetros!$B$26*(INDEX(Curvas!$G$14:$G$112,MATCH(C9+Parâmetros!$B$19,Curvas!$A$14:$A$112,0))*Parâmetros!$B$6*Parâmetros!$D$19*INDEX('Fator Nível'!$B$5:$B$25,MATCH(MAX(-10,MIN(10,C9+Parâmetros!$B$19-F9)),'Fator Nível'!$A$5:$A$25,0))+Parâmetros!$B$28*INDEX(Curvas!$G$14:$G$112,MATCH(C9+Parâmetros!$B$20,Curvas!$A$14:$A$112,0))*Parâmetros!$B$6*Parâmetros!$D$20*INDEX('Fator Nível'!$B$5:$B$25,MATCH(MAX(-10,MIN(10,C9+Parâmetros!$B$20-F9)),'Fator Nível'!$A$5:$A$25,0))) -> 3852.09 | I9: =E9*(1-Parâmetros!$B$26)*Parâmetros!$B$27*INDEX(Curvas!$G$14:$G$112,MATCH(C9+Parâmetros!$B$17,Curvas!$A$14:$A$112,0))*Parâmetros!$B$6*Parâmetros!$D$17*INDEX('Fator Nível'!$B$5:$B$25,MATCH(MAX(-10,MIN(10,C9+Parâmetros!$B$17-F9)),'Fator Nível'!$A$5:$A$25,0)) -> 284.067 | J9: =G9+H9+I9 -> 11493.837 | K9: =J9*Parâmetros!$B$7 -> 9769.7614 | L9: =L8+K9 -> 31935.522 | M9: =MIN(Parâmetros!$B$12,MATCH(L9,Curva!$D$5:$D$44,1)) -> 10 | N9: =MIN(Parâmetros!$B$12,MATCH(P8,Curva!$D$5:$D$44,1)) -> 6 | O9: =IF(F9=0,0,J9*Parâmetros!$B$8*INDEX('Fator Nível'!$B$5:$B$25,MATCH(MAX(-10,MIN(10,C9-N9)),'Fator Nível'!$A$5:$A$25,0))/INDEX('Fator Nível'!$B$5:$B$25,MATCH(MAX(-10,MIN(10,C9-F9)),'Fator Nível'!$A$5:$A$25,0))) -> 3448.1511 | P9: =P8+O9 -> 11271.361 | Q9: =MIN(Parâmetros!$B$12,MATCH(P9,Curva!$D$5:$D$44,1)) -> 7 | R9: =MIN(Parâmetros!$B$12,MATCH(T8,Curva!$D$5:$D$44,1)) -> 5 | S9: =IF(F9=0,0,J9*Parâmetros!$B$9*INDEX('Fator Nível'!$B$5:$B$25,MATCH(MAX(-10,MIN(10,C9-R9)),'Fator Nível'!$A$5:$A$25,0))/INDEX('Fator Nível'!$B$5:$B$25,MATCH(MAX(-10,MIN(10,C9-F9)),'Fator Nível'!$A$5:$A$25,0))) -> 1724.0756 | T9: =T8+S9 -> 5635.6803 | U9: =MIN(Parâmetros!$B$12,MATCH(T9,Curva!$D$5:$D$44,1)) -> 5 | V9: =MAX(M9,Q9,U9)+INT(0.25*(M9+Q9+U9-MAX(M9,Q9,U9))) -> 13
A10: Cripta Esquecida – andar 1 | B10: Masmorra | C10: 9 | D10: =IF(B10="Aberta",Parâmetros!$B$30,Parâmetros!$B$31)*Parâmetros!$B$29 -> 64 | E10: =Parâmetros!$B$25 -> 1.5 | F10: =MIN(Parâmetros!$B$12,MATCH(L9,Curva!$D$5:$D$44,1)) -> 10 | G10: =D10*INDEX(Curvas!$G$14:$G$112,MATCH(C10,Curvas!$A$14:$A$112,0))*Parâmetros!$B$6*INDEX('Fator Nível'!$B$5:$B$25,MATCH(MAX(-10,MIN(10,C10-F10)),'Fator Nível'!$A$5:$A$25,0)) -> 6733.44 | H10: =E10*Parâmetros!$B$26*(INDEX(Curvas!$G$14:$G$112,MATCH(C10+Parâmetros!$B$19,Curvas!$A$14:$A$112,0))*Parâmetros!$B$6*Parâmetros!$D$19*INDEX('Fator Nível'!$B$5:$B$25,MATCH(MAX(-10,MIN(10,C10+Parâmetros!$B$19-F10)),'Fator Nível'!$A$5:$A$25,0))+Parâmetros!$B$28*INDEX(Curvas!$G$14:$G$112,MATCH(C10+Parâmetros!$B$20,Curvas!$A$14:$A$112,0))*Parâmetros!$B$6*Parâmetros!$D$20*INDEX('Fator Nível'!$B$5:$B$25,MATCH(MAX(-10,MIN(10,C10+Parâmetros!$B$20-F10)),'Fator Nível'!$A$5:$A$25,0))) -> 4677.75 | I10: =E10*(1-Parâmetros!$B$26)*Parâmetros!$B$27*INDEX(Curvas!$G$14:$G$112,MATCH(C10+Parâmetros!$B$17,Curvas!$A$14:$A$112,0))*Parâmetros!$B$6*Parâmetros!$D$17*INDEX('Fator Nível'!$B$5:$B$25,MATCH(MAX(-10,MIN(10,C10+Parâmetros!$B$17-F10)),'Fator Nível'!$A$5:$A$25,0)) -> 347.976 | J10: =G10+H10+I10 -> 11759.166 | K10: =J10*Parâmetros!$B$7 -> 9995.2911 | L10: =L9+K10 -> 41930.813 | M10: =MIN(Parâmetros!$B$12,MATCH(L10,Curva!$D$5:$D$44,1)) -> 11 | N10: =MIN(Parâmetros!$B$12,MATCH(P9,Curva!$D$5:$D$44,1)) -> 7 | O10: =IF(F10=0,0,J10*Parâmetros!$B$8*INDEX('Fator Nível'!$B$5:$B$25,MATCH(MAX(-10,MIN(10,C10-N10)),'Fator Nível'!$A$5:$A$25,0))/INDEX('Fator Nível'!$B$5:$B$25,MATCH(MAX(-10,MIN(10,C10-F10)),'Fator Nível'!$A$5:$A$25,0))) -> 3527.7498 | P10: =P9+O10 -> 14799.11 | Q10: =MIN(Parâmetros!$B$12,MATCH(P10,Curva!$D$5:$D$44,1)) -> 8 | R10: =MIN(Parâmetros!$B$12,MATCH(T9,Curva!$D$5:$D$44,1)) -> 5 | S10: =IF(F10=0,0,J10*Parâmetros!$B$9*INDEX('Fator Nível'!$B$5:$B$25,MATCH(MAX(-10,MIN(10,C10-R10)),'Fator Nível'!$A$5:$A$25,0))/INDEX('Fator Nível'!$B$5:$B$25,MATCH(MAX(-10,MIN(10,C10-F10)),'Fator Nível'!$A$5:$A$25,0))) -> 1763.8749 | T10: =T9+S10 -> 7399.5552 | U10: =MIN(Parâmetros!$B$12,MATCH(T10,Curva!$D$5:$D$44,1)) -> 6 | V10: =MAX(M10,Q10,U10)+INT(0.25*(M10+Q10+U10-MAX(M10,Q10,U10))) -> 14
A11: Cripta Esquecida – andar 2 | B11: Masmorra | C11: 10 | D11: =IF(B11="Aberta",Parâmetros!$B$30,Parâmetros!$B$31)*Parâmetros!$B$29 -> 64 | E11: =Parâmetros!$B$25 -> 1.5 | F11: =MIN(Parâmetros!$B$12,MATCH(L10,Curva!$D$5:$D$44,1)) -> 11 | G11: =D11*INDEX(Curvas!$G$14:$G$112,MATCH(C11,Curvas!$A$14:$A$112,0))*Parâmetros!$B$6*INDEX('Fator Nível'!$B$5:$B$25,MATCH(MAX(-10,MIN(10,C11-F11)),'Fator Nível'!$A$5:$A$25,0)) -> 7470.72 | H11: =E11*Parâmetros!$B$26*(INDEX(Curvas!$G$14:$G$112,MATCH(C11+Parâmetros!$B$19,Curvas!$A$14:$A$112,0))*Parâmetros!$B$6*Parâmetros!$D$19*INDEX('Fator Nível'!$B$5:$B$25,MATCH(MAX(-10,MIN(10,C11+Parâmetros!$B$19-F11)),'Fator Nível'!$A$5:$A$25,0))+Parâmetros!$B$28*INDEX(Curvas!$G$14:$G$112,MATCH(C11+Parâmetros!$B$20,Curvas!$A$14:$A$112,0))*Parâmetros!$B$6*Parâmetros!$D$20*INDEX('Fator Nível'!$B$5:$B$25,MATCH(MAX(-10,MIN(10,C11+Parâmetros!$B$20-F11)),'Fator Nível'!$A$5:$A$25,0))) -> 5126.22 | I11: =E11*(1-Parâmetros!$B$26)*Parâmetros!$B$27*INDEX(Curvas!$G$14:$G$112,MATCH(C11+Parâmetros!$B$17,Curvas!$A$14:$A$112,0))*Parâmetros!$B$6*Parâmetros!$D$17*INDEX('Fator Nível'!$B$5:$B$25,MATCH(MAX(-10,MIN(10,C11+Parâmetros!$B$17-F11)),'Fator Nível'!$A$5:$A$25,0)) -> 382.725 | J11: =G11+H11+I11 -> 12979.665 | K11: =J11*Parâmetros!$B$7 -> 11032.715 | L11: =L10+K11 -> 52963.528 | M11: =MIN(Parâmetros!$B$12,MATCH(L11,Curva!$D$5:$D$44,1)) -> 12 | N11: =MIN(Parâmetros!$B$12,MATCH(P10,Curva!$D$5:$D$44,1)) -> 8 | O11: =IF(F11=0,0,J11*Parâmetros!$B$8*INDEX('Fator Nível'!$B$5:$B$25,MATCH(MAX(-10,MIN(10,C11-N11)),'Fator Nível'!$A$5:$A$25,0))/INDEX('Fator Nível'!$B$5:$B$25,MATCH(MAX(-10,MIN(10,C11-F11)),'Fator Nível'!$A$5:$A$25,0))) -> 3893.8995 | P11: =P10+O11 -> 18693.01 | Q11: =MIN(Parâmetros!$B$12,MATCH(P11,Curva!$D$5:$D$44,1)) -> 9 | R11: =MIN(Parâmetros!$B$12,MATCH(T10,Curva!$D$5:$D$44,1)) -> 6 | S11: =IF(F11=0,0,J11*Parâmetros!$B$9*INDEX('Fator Nível'!$B$5:$B$25,MATCH(MAX(-10,MIN(10,C11-R11)),'Fator Nível'!$A$5:$A$25,0))/INDEX('Fator Nível'!$B$5:$B$25,MATCH(MAX(-10,MIN(10,C11-F11)),'Fator Nível'!$A$5:$A$25,0))) -> 1946.9497 | T11: =T10+S11 -> 9346.505 | U11: =MIN(Parâmetros!$B$12,MATCH(T11,Curva!$D$5:$D$44,1)) -> 7 | V11: =MAX(M11,Q11,U11)+INT(0.25*(M11+Q11+U11-MAX(M11,Q11,U11))) -> 16
A12: Cripta Esquecida – andar 3 | B12: Masmorra | C12: 11 | D12: =IF(B12="Aberta",Parâmetros!$B$30,Parâmetros!$B$31)*Parâmetros!$B$29 -> 64 | E12: =Parâmetros!$B$25 -> 1.5 | F12: =MIN(Parâmetros!$B$12,MATCH(L11,Curva!$D$5:$D$44,1)) -> 12 | G12: =D12*INDEX(Curvas!$G$14:$G$112,MATCH(C12,Curvas!$A$14:$A$112,0))*Parâmetros!$B$6*INDEX('Fator Nível'!$B$5:$B$25,MATCH(MAX(-10,MIN(10,C12-F12)),'Fator Nível'!$A$5:$A$25,0)) -> 8248.32 | H12: =E12*Parâmetros!$B$26*(INDEX(Curvas!$G$14:$G$112,MATCH(C12+Parâmetros!$B$19,Curvas!$A$14:$A$112,0))*Parâmetros!$B$6*Parâmetros!$D$19*INDEX('Fator Nível'!$B$5:$B$25,MATCH(MAX(-10,MIN(10,C12+Parâmetros!$B$19-F12)),'Fator Nível'!$A$5:$A$25,0))+Parâmetros!$B$28*INDEX(Curvas!$G$14:$G$112,MATCH(C12+Parâmetros!$B$20,Curvas!$A$14:$A$112,0))*Parâmetros!$B$6*Parâmetros!$D$20*INDEX('Fator Nível'!$B$5:$B$25,MATCH(MAX(-10,MIN(10,C12+Parâmetros!$B$20-F12)),'Fator Nível'!$A$5:$A$25,0))) -> 5601.42 | I12: =E12*(1-Parâmetros!$B$26)*Parâmetros!$B$27*INDEX(Curvas!$G$14:$G$112,MATCH(C12+Parâmetros!$B$17,Curvas!$A$14:$A$112,0))*Parâmetros!$B$6*Parâmetros!$D$17*INDEX('Fator Nível'!$B$5:$B$25,MATCH(MAX(-10,MIN(10,C12+Parâmetros!$B$17-F12)),'Fator Nível'!$A$5:$A$25,0)) -> 419.418 | J12: =G12+H12+I12 -> 14269.158 | K12: =J12*Parâmetros!$B$7 -> 12128.784 | L12: =L11+K12 -> 65092.312 | M12: =MIN(Parâmetros!$B$12,MATCH(L12,Curva!$D$5:$D$44,1)) -> 13 | N12: =MIN(Parâmetros!$B$12,MATCH(P11,Curva!$D$5:$D$44,1)) -> 9 | O12: =IF(F12=0,0,J12*Parâmetros!$B$8*INDEX('Fator Nível'!$B$5:$B$25,MATCH(MAX(-10,MIN(10,C12-N12)),'Fator Nível'!$A$5:$A$25,0))/INDEX('Fator Nível'!$B$5:$B$25,MATCH(MAX(-10,MIN(10,C12-F12)),'Fator Nível'!$A$5:$A$25,0))) -> 4280.7474 | P12: =P11+O12 -> 22973.757 | Q12: =MIN(Parâmetros!$B$12,MATCH(P12,Curva!$D$5:$D$44,1)) -> 9 | R12: =MIN(Parâmetros!$B$12,MATCH(T11,Curva!$D$5:$D$44,1)) -> 7 | S12: =IF(F12=0,0,J12*Parâmetros!$B$9*INDEX('Fator Nível'!$B$5:$B$25,MATCH(MAX(-10,MIN(10,C12-R12)),'Fator Nível'!$A$5:$A$25,0))/INDEX('Fator Nível'!$B$5:$B$25,MATCH(MAX(-10,MIN(10,C12-F12)),'Fator Nível'!$A$5:$A$25,0))) -> 2140.3737 | T12: =T11+S12 -> 11486.879 | U12: =MIN(Parâmetros!$B$12,MATCH(T12,Curva!$D$5:$D$44,1)) -> 7 | V12: =MAX(M12,Q12,U12)+INT(0.25*(M12+Q12+U12-MAX(M12,Q12,U12))) -> 17
A13: Chefe do Ato 1 | B13: Chefe | C13: =Parâmetros!$B$32 -> 12 | D13: 0 | E13: 0 | F13: =MIN(Parâmetros!$B$12,MATCH(L12,Curva!$D$5:$D$44,1)) -> 13 | G13: =INDEX(Curvas!$G$14:$G$112,MATCH(C13,Curvas!$A$14:$A$112,0))*Parâmetros!$B$6*Parâmetros!$D$21*INDEX('Fator Nível'!$B$5:$B$25,MATCH(MAX(-10,MIN(10,C13-F13)),'Fator Nível'!$A$5:$A$25,0)) -> 2126.25 | H13: 0 | I13: 0 | J13: =G13+H13+I13 -> 2126.25 | K13: =J13*Parâmetros!$B$7 -> 1807.3125 | L13: =L12+K13 -> 66899.625 | M13: =MIN(Parâmetros!$B$12,MATCH(L13,Curva!$D$5:$D$44,1)) -> 13 | N13: =MIN(Parâmetros!$B$12,MATCH(P12,Curva!$D$5:$D$44,1)) -> 9 | O13: =IF(F13=0,0,J13*Parâmetros!$B$8*INDEX('Fator Nível'!$B$5:$B$25,MATCH(MAX(-10,MIN(10,C13-N13)),'Fator Nível'!$A$5:$A$25,0))/INDEX('Fator Nível'!$B$5:$B$25,MATCH(MAX(-10,MIN(10,C13-F13)),'Fator Nível'!$A$5:$A$25,0))) -> 637.875 | P13: =P12+O13 -> 23611.632 | Q13: =MIN(Parâmetros!$B$12,MATCH(P13,Curva!$D$5:$D$44,1)) -> 9 | R13: =MIN(Parâmetros!$B$12,MATCH(T12,Curva!$D$5:$D$44,1)) -> 7 | S13: =IF(F13=0,0,J13*Parâmetros!$B$9*INDEX('Fator Nível'!$B$5:$B$25,MATCH(MAX(-10,MIN(10,C13-R13)),'Fator Nível'!$A$5:$A$25,0))/INDEX('Fator Nível'!$B$5:$B$25,MATCH(MAX(-10,MIN(10,C13-F13)),'Fator Nível'!$A$5:$A$25,0))) -> 318.9375 | T13: =T12+S13 -> 11805.816 | U13: =MIN(Parâmetros!$B$12,MATCH(T13,Curva!$D$5:$D$44,1)) -> 7 | V13: =MAX(M13,Q13,U13)+INT(0.25*(M13+Q13+U13-MAX(M13,Q13,U13))) -> 17
A15: Resumo ao derrotar o chefe
A16: Lâminas | B16: =M13 -> 13
A17: Escudo | B17: =Q13 -> 9
A18: Couraça | B18: =U13 -> 7
A19: Nível do personagem (NP) | B19: =V13 -> 17
A20: Total de monstros mortos (aprox.) | B20: =SUM(D5:D13)+SUMPRODUCT(E5:E13)*(Parâmetros!$B$26*(1+Parâmetros!$B$28)+(1-Parâmetros!$B$26)*Parâmetros!$B$27)+1 -> 645
A21: Meta de design: Lâminas ao chegar no chefe | B21: 12 a 14

Sheet Curva
A1: Curva de XP da proficiência e ritmo de abates
A2: Abates = XP para o próximo nível ÷ XP de um monstro normal do mesmo nível. Champions e únicos reduzem bastante esse número.
A4: Nível | B4: Curva: XP total no nível | C4: Curva: XP para o próximo | D4: Com escala: XP total no nível | E4: Com escala: XP para o próximo | F4: XP monstro normal (mesmo nível) | G4: Abates para subir (curva) | H4: Abates para subir (com escala) | I4: XP champion (nível +2) | J4: XP único (nível +3) | K4: XP minion (nível +3)
A5: 1 | B5: 0 | C5: =INDEX(Curvas!$B$14:$B$112,MATCH(A5,Curvas!$A$14:$A$112,0))-B5 -> 300 | D5: =ROUND(B5*Parâmetros!$B$5,0) -> 0 | E5: =ROUND(C5*Parâmetros!$B$5,0) -> 300 | F5: =INDEX(Curvas!$G$14:$G$112,MATCH(A5,Curvas!$A$14:$A$112,0))*Parâmetros!$B$6 -> 23.04 | G5: =C5/F5 -> 13.020833 | H5: =E5/F5 -> 13.020833 | I5: =INDEX(Curvas!$G$14:$G$112,MATCH(A5+Parâmetros!$B$17,Curvas!$A$14:$A$112,0))*Parâmetros!$B$6*Parâmetros!$D$17 -> 133.38 | J5: =INDEX(Curvas!$G$14:$G$112,MATCH(A5+Parâmetros!$B$19,Curvas!$A$14:$A$112,0))*Parâmetros!$B$6*Parâmetros!$D$19 -> 270.45 | K5: =INDEX(Curvas!$G$14:$G$112,MATCH(A5+Parâmetros!$B$20,Curvas!$A$14:$A$112,0))*Parâmetros!$B$6*Parâmetros!$D$20 -> 270.45
A6: 2 | B6: =INDEX(Curvas!$B$14:$B$112,MATCH(A6-1,Curvas!$A$14:$A$112,0)) -> 300 | C6: =INDEX(Curvas!$B$14:$B$112,MATCH(A6,Curvas!$A$14:$A$112,0))-B6 -> 640 | D6: =ROUND(B6*Parâmetros!$B$5,0) -> 300 | E6: =ROUND(C6*Parâmetros!$B$5,0) -> 640 | F6: =INDEX(Curvas!$G$14:$G$112,MATCH(A6,Curvas!$A$14:$A$112,0))*Parâmetros!$B$6 -> 34.38 | G6: =C6/F6 -> 18.615474 | H6: =E6/F6 -> 18.615474 | I6: =INDEX(Curvas!$G$14:$G$112,MATCH(A6+Parâmetros!$B$17,Curvas!$A$14:$A$112,0))*Parâmetros!$B$6*Parâmetros!$D$17 -> 162.27 | J6: =INDEX(Curvas!$G$14:$G$112,MATCH(A6+Parâmetros!$B$19,Curvas!$A$14:$A$112,0))*Parâmetros!$B$6*Parâmetros!$D$19 -> 318.6 | K6: =INDEX(Curvas!$G$14:$G$112,MATCH(A6+Parâmetros!$B$20,Curvas!$A$14:$A$112,0))*Parâmetros!$B$6*Parâmetros!$D$20 -> 318.6
A7: 3 | B7: =INDEX(Curvas!$B$14:$B$112,MATCH(A7-1,Curvas!$A$14:$A$112,0)) -> 940 | C7: =INDEX(Curvas!$B$14:$B$112,MATCH(A7,Curvas!$A$14:$A$112,0))-B7 -> 1050 | D7: =ROUND(B7*Parâmetros!$B$5,0) -> 940 | E7: =ROUND(C7*Parâmetros!$B$5,0) -> 1050 | F7: =INDEX(Curvas!$G$14:$G$112,MATCH(A7,Curvas!$A$14:$A$112,0))*Parâmetros!$B$6 -> 44.46 | G7: =C7/F7 -> 23.616734 | H7: =E7/F7 -> 23.616734 | I7: =INDEX(Curvas!$G$14:$G$112,MATCH(A7+Parâmetros!$B$17,Curvas!$A$14:$A$112,0))*Parâmetros!$B$6*Parâmetros!$D$17 -> 191.16 | J7: =INDEX(Curvas!$G$14:$G$112,MATCH(A7+Parâmetros!$B$19,Curvas!$A$14:$A$112,0))*Parâmetros!$B$6*Parâmetros!$D$19 -> 367.65 | K7: =INDEX(Curvas!$G$14:$G$112,MATCH(A7+Parâmetros!$B$20,Curvas!$A$14:$A$112,0))*Parâmetros!$B$6*Parâmetros!$D$20 -> 367.65
A8: 4 | B8: =INDEX(Curvas!$B$14:$B$112,MATCH(A8-1,Curvas!$A$14:$A$112,0)) -> 1990 | C8: =INDEX(Curvas!$B$14:$B$112,MATCH(A8,Curvas!$A$14:$A$112,0))-B8 -> 1570 | D8: =ROUND(B8*Parâmetros!$B$5,0) -> 1990 | E8: =ROUND(C8*Parâmetros!$B$5,0) -> 1570 | F8: =INDEX(Curvas!$G$14:$G$112,MATCH(A8,Curvas!$A$14:$A$112,0))*Parâmetros!$B$6 -> 54.09 | G8: =C8/F8 -> 29.025698 | H8: =E8/F8 -> 29.025698 | I8: =INDEX(Curvas!$G$14:$G$112,MATCH(A8+Parâmetros!$B$17,Curvas!$A$14:$A$112,0))*Parâmetros!$B$6*Parâmetros!$D$17 -> 220.59 | J8: =INDEX(Curvas!$G$14:$G$112,MATCH(A8+Parâmetros!$B$19,Curvas!$A$14:$A$112,0))*Parâmetros!$B$6*Parâmetros!$D$19 -> 418.05 | K8: =INDEX(Curvas!$G$14:$G$112,MATCH(A8+Parâmetros!$B$20,Curvas!$A$14:$A$112,0))*Parâmetros!$B$6*Parâmetros!$D$20 -> 418.05
A9: 5 | B9: =INDEX(Curvas!$B$14:$B$112,MATCH(A9-1,Curvas!$A$14:$A$112,0)) -> 3560 | C9: =INDEX(Curvas!$B$14:$B$112,MATCH(A9,Curvas!$A$14:$A$112,0))-B9 -> 2220 | D9: =ROUND(B9*Parâmetros!$B$5,0) -> 3560 | E9: =ROUND(C9*Parâmetros!$B$5,0) -> 2220 | F9: =INDEX(Curvas!$G$14:$G$112,MATCH(A9,Curvas!$A$14:$A$112,0))*Parâmetros!$B$6 -> 63.72 | G9: =C9/F9 -> 34.839925 | H9: =E9/F9 -> 34.839925 | I9: =INDEX(Curvas!$G$14:$G$112,MATCH(A9+Parâmetros!$B$17,Curvas!$A$14:$A$112,0))*Parâmetros!$B$6*Parâmetros!$D$17 -> 250.83 | J9: =INDEX(Curvas!$G$14:$G$112,MATCH(A9+Parâmetros!$B$19,Curvas!$A$14:$A$112,0))*Parâmetros!$B$6*Parâmetros!$D$19 -> 470.7 | K9: =INDEX(Curvas!$G$14:$G$112,MATCH(A9+Parâmetros!$B$20,Curvas!$A$14:$A$112,0))*Parâmetros!$B$6*Parâmetros!$D$20 -> 470.7
A10: 6 | B10: =INDEX(Curvas!$B$14:$B$112,MATCH(A10-1,Curvas!$A$14:$A$112,0)) -> 5780 | C10: =INDEX(Curvas!$B$14:$B$112,MATCH(A10,Curvas!$A$14:$A$112,0))-B10 -> 3020 | D10: =ROUND(B10*Parâmetros!$B$5,0) -> 5780 | E10: =ROUND(C10*Parâmetros!$B$5,0) -> 3020 | F10: =INDEX(Curvas!$G$14:$G$112,MATCH(A10,Curvas!$A$14:$A$112,0))*Parâmetros!$B$6 -> 73.53 | G10: =C10/F10 -> 41.071671 | H10: =E10/F10 -> 41.071671 | I10: =INDEX(Curvas!$G$14:$G$112,MATCH(A10+Parâmetros!$B$17,Curvas!$A$14:$A$112,0))*Parâmetros!$B$6*Parâmetros!$D$17 -> 282.42 | J10: =INDEX(Curvas!$G$14:$G$112,MATCH(A10+Parâmetros!$B$19,Curvas!$A$14:$A$112,0))*Parâmetros!$B$6*Parâmetros!$D$19 -> 526.05 | K10: =INDEX(Curvas!$G$14:$G$112,MATCH(A10+Parâmetros!$B$20,Curvas!$A$14:$A$112,0))*Parâmetros!$B$6*Parâmetros!$D$20 -> 526.05
A11: 7 | B11: =INDEX(Curvas!$B$14:$B$112,MATCH(A11-1,Curvas!$A$14:$A$112,0)) -> 8800 | C11: =INDEX(Curvas!$B$14:$B$112,MATCH(A11,Curvas!$A$14:$A$112,0))-B11 -> 4010 | D11: =ROUND(B11*Parâmetros!$B$5,0) -> 8800 | E11: =ROUND(C11*Parâmetros!$B$5,0) -> 4010 | F11: =INDEX(Curvas!$G$14:$G$112,MATCH(A11,Curvas!$A$14:$A$112,0))*Parâmetros!$B$6 -> 83.61 | G11: =C11/F11 -> 47.96077 | H11: =E11/F11 -> 47.96077 | I11: =INDEX(Curvas!$G$14:$G$112,MATCH(A11+Parâmetros!$B$17,Curvas!$A$14:$A$112,0))*Parâmetros!$B$6*Parâmetros!$D$17 -> 315.63 | J11: =INDEX(Curvas!$G$14:$G$112,MATCH(A11+Parâmetros!$B$19,Curvas!$A$14:$A$112,0))*Parâmetros!$B$6*Parâmetros!$D$19 -> 583.65 | K11: =INDEX(Curvas!$G$14:$G$112,MATCH(A11+Parâmetros!$B$20,Curvas!$A$14:$A$112,0))*Parâmetros!$B$6*Parâmetros!$D$20 -> 583.65
A12: 8 | B12: =INDEX(Curvas!$B$14:$B$112,MATCH(A12-1,Curvas!$A$14:$A$112,0)) -> 12810 | C12: =INDEX(Curvas!$B$14:$B$112,MATCH(A12,Curvas!$A$14:$A$112,0))-B12 -> 5240 | D12: =ROUND(B12*Parâmetros!$B$5,0) -> 12810 | E12: =ROUND(C12*Parâmetros!$B$5,0) -> 5240 | F12: =INDEX(Curvas!$G$14:$G$112,MATCH(A12,Curvas!$A$14:$A$112,0))*Parâmetros!$B$6 -> 94.14 | G12: =C12/F12 -> 55.66178 | H12: =E12/F12 -> 55.66178 | I12: =INDEX(Curvas!$G$14:$G$112,MATCH(A12+Parâmetros!$B$17,Curvas!$A$14:$A$112,0))*Parâmetros!$B$6*Parâmetros!$D$17 -> 350.19 | J12: =INDEX(Curvas!$G$14:$G$112,MATCH(A12+Parâmetros!$B$19,Curvas!$A$14:$A$112,0))*Parâmetros!$B$6*Parâmetros!$D$19 -> 644.4 | K12: =INDEX(Curvas!$G$14:$G$112,MATCH(A12+Parâmetros!$B$20,Curvas!$A$14:$A$112,0))*Parâmetros!$B$6*Parâmetros!$D$20 -> 644.4
A13: 9 | B13: =INDEX(Curvas!$B$14:$B$112,MATCH(A13-1,Curvas!$A$14:$A$112,0)) -> 18050 | C13: =INDEX(Curvas!$B$14:$B$112,MATCH(A13,Curvas!$A$14:$A$112,0))-B13 -> 6750 | D13: =ROUND(B13*Parâmetros!$B$5,0) -> 18050 | E13: =ROUND(C13*Parâmetros!$B$5,0) -> 6750 | F13: =INDEX(Curvas!$G$14:$G$112,MATCH(A13,Curvas!$A$14:$A$112,0))*Parâmetros!$B$6 -> 105.21 | G13: =C13/F13 -> 64.157399 | H13: =E13/F13 -> 64.157399 | I13: =INDEX(Curvas!$G$14:$G$112,MATCH(A13+Parâmetros!$B$17,Curvas!$A$14:$A$112,0))*Parâmetros!$B$6*Parâmetros!$D$17 -> 386.64 | J13: =INDEX(Curvas!$G$14:$G$112,MATCH(A13+Parâmetros!$B$19,Curvas!$A$14:$A$112,0))*Parâmetros!$B$6*Parâmetros!$D$19 -> 708.75 | K13: =INDEX(Curvas!$G$14:$G$112,MATCH(A13+Parâmetros!$B$20,Curvas!$A$14:$A$112,0))*Parâmetros!$B$6*Parâmetros!$D$20 -> 708.75
A14: 10 | B14: =INDEX(Curvas!$B$14:$B$112,MATCH(A14-1,Curvas!$A$14:$A$112,0)) -> 24800 | C14: =INDEX(Curvas!$B$14:$B$112,MATCH(A14,Curvas!$A$14:$A$112,0))-B14 -> 8600 | D14: =ROUND(B14*Parâmetros!$B$5,0) -> 24800 | E14: =ROUND(C14*Parâmetros!$B$5,0) -> 8600 | F14: =INDEX(Curvas!$G$14:$G$112,MATCH(A14,Curvas!$A$14:$A$112,0))*Parâmetros!$B$6 -> 116.73 | G14: =C14/F14 -> 73.674291 | H14: =E14/F14 -> 73.674291 | I14: =INDEX(Curvas!$G$14:$G$112,MATCH(A14+Parâmetros!$B$17,Curvas!$A$14:$A$112,0))*Parâmetros!$B$6*Parâmetros!$D$17 -> 425.25 | J14: =INDEX(Curvas!$G$14:$G$112,MATCH(A14+Parâmetros!$B$19,Curvas!$A$14:$A$112,0))*Parâmetros!$B$6*Parâmetros!$D$19 -> 776.7 | K14: =INDEX(Curvas!$G$14:$G$112,MATCH(A14+Parâmetros!$B$20,Curvas!$A$14:$A$112,0))*Parâmetros!$B$6*Parâmetros!$D$20 -> 776.7
A15: 11 | B15: =INDEX(Curvas!$B$14:$B$112,MATCH(A15-1,Curvas!$A$14:$A$112,0)) -> 33400 | C15: =INDEX(Curvas!$B$14:$B$112,MATCH(A15,Curvas!$A$14:$A$112,0))-B15 -> 10870 | D15: =ROUND(B15*Parâmetros!$B$5,0) -> 33400 | E15: =ROUND(C15*Parâmetros!$B$5,0) -> 10870 | F15: =INDEX(Curvas!$G$14:$G$112,MATCH(A15,Curvas!$A$14:$A$112,0))*Parâmetros!$B$6 -> 128.88 | G15: =C15/F15 -> 84.342024 | H15: =E15/F15 -> 84.342024 | I15: =INDEX(Curvas!$G$14:$G$112,MATCH(A15+Parâmetros!$B$17,Curvas!$A$14:$A$112,0))*Parâmetros!$B$6*Parâmetros!$D$17 -> 466.02 | J15: =INDEX(Curvas!$G$14:$G$112,MATCH(A15+Parâmetros!$B$19,Curvas!$A$14:$A$112,0))*Parâmetros!$B$6*Parâmetros!$D$19 -> 848.7 | K15: =INDEX(Curvas!$G$14:$G$112,MATCH(A15+Parâmetros!$B$20,Curvas!$A$14:$A$112,0))*Parâmetros!$B$6*Parâmetros!$D$20 -> 848.7
A16: 12 | B16: =INDEX(Curvas!$B$14:$B$112,MATCH(A16-1,Curvas!$A$14:$A$112,0)) -> 44270 | C16: =INDEX(Curvas!$B$14:$B$112,MATCH(A16,Curvas!$A$14:$A$112,0))-B16 -> 13630 | D16: =ROUND(B16*Parâmetros!$B$5,0) -> 44270 | E16: =ROUND(C16*Parâmetros!$B$5,0) -> 13630 | F16: =INDEX(Curvas!$G$14:$G$112,MATCH(A16,Curvas!$A$14:$A$112,0))*Parâmetros!$B$6 -> 141.75 | G16: =C16/F16 -> 96.155203 | H16: =E16/F16 -> 96.155203 | I16: =INDEX(Curvas!$G$14:$G$112,MATCH(A16+Parâmetros!$B$17,Curvas!$A$14:$A$112,0))*Parâmetros!$B$6*Parâmetros!$D$17 -> 509.22 | J16: =INDEX(Curvas!$G$14:$G$112,MATCH(A16+Parâmetros!$B$19,Curvas!$A$14:$A$112,0))*Parâmetros!$B$6*Parâmetros!$D$19 -> 924.75 | K16: =INDEX(Curvas!$G$14:$G$112,MATCH(A16+Parâmetros!$B$20,Curvas!$A$14:$A$112,0))*Parâmetros!$B$6*Parâmetros!$D$20 -> 924.75
A17: 13 | B17: =INDEX(Curvas!$B$14:$B$112,MATCH(A17-1,Curvas!$A$14:$A$112,0)) -> 57900 | C17: =INDEX(Curvas!$B$14:$B$112,MATCH(A17,Curvas!$A$14:$A$112,0))-B17 -> 17000 | D17: =ROUND(B17*Parâmetros!$B$5,0) -> 57900 | E17: =ROUND(C17*Parâmetros!$B$5,0) -> 17000 | F17: =INDEX(Curvas!$G$14:$G$112,MATCH(A17,Curvas!$A$14:$A$112,0))*Parâmetros!$B$6 -> 155.34 | G17: =C17/F17 -> 109.43736 | H17: =E17/F17 -> 109.43736 | I17: =INDEX(Curvas!$G$14:$G$112,MATCH(A17+Parâmetros!$B$17,Curvas!$A$14:$A$112,0))*Parâmetros!$B$6*Parâmetros!$D$17 -> 554.85 | J17: =INDEX(Curvas!$G$14:$G$112,MATCH(A17+Parâmetros!$B$19,Curvas!$A$14:$A$112,0))*Parâmetros!$B$6*Parâmetros!$D$19 -> 1005.3 | K17: =INDEX(Curvas!$G$14:$G$112,MATCH(A17+Parâmetros!$B$20,Curvas!$A$14:$A$112,0))*Parâmetros!$B$6*Parâmetros!$D$20 -> 1005.3
... A44: 40 | B44: =INDEX(Curvas!$B$14:$B$112,MATCH(A44-1,Curvas!$A$14:$A$112,0)) -> 13865840 | C44: =INDEX(Curvas!$B$14:$B$112,MATCH(A44,Curvas!$A$14:$A$112,0))-B44 -> 2696900 | D44: =ROUND(B44*Parâmetros!$B$5,0) -> 13865840 | E44: =ROUND(C44*Parâmetros!$B$5,0) -> 2696900 | F44: =INDEX(Curvas!$G$14:$G$112,MATCH(A44,Curvas!$A$14:$A$112,0))*Parâmetros!$B$6 -> 1086.57 | G44: =C44/F44 -> 2482.0306 | H44: =E44/F44 -> 2482.0306 | I44: =INDEX(Curvas!$G$14:$G$112,MATCH(A44+Parâmetros!$B$17,Curvas!$A$14:$A$112,0))*Parâmetros!$B$6*Parâmetros!$D$17 -> 3700.08 | J44: =INDEX(Curvas!$G$14:$G$112,MATCH(A44+Parâmetros!$B$19,Curvas!$A$14:$A$112,0))*Parâmetros!$B$6*Parâmetros!$D$19 -> 6566.85 | K44: =INDEX(Curvas!$G$14:$G$112,MATCH(A44+Parâmetros!$B$20,Curvas!$A$14:$A$112,0))*Parâmetros!$B$6*Parâmetros!$D$20 -> 6566.85

Sheet Monstros
A1: Monstros por nível (Normal)
A2: Vida e dano em % do monstro-base de cada tipo (cada espécie tem sua vida e dano base; o nível multiplica). XP já inclui o Exp% médio.
A4: Nível monstro | B4: Vida % (normal) | C4: Dano % (normal) | D4: XP normal | E4: Vida % champion | F4: XP champion | G4: Vida % único | H4: XP único | I4: Vida % minion | J4: XP minion
A5: 1 | B5: =INDEX(Curvas!$C$14:$C$112,MATCH(A5,Curvas!$A$14:$A$112,0)) -> 5.5 | C5: =INDEX(Curvas!$D$14:$D$112,MATCH(A5,Curvas!$A$14:$A$112,0)) -> 1.69 | D5: =INDEX(Curvas!$G$14:$G$112,MATCH(A5,Curvas!$A$14:$A$112,0))*Parâmetros!$B$6 -> 23.04 | E5: =INDEX(Curvas!$C$14:$C$112,MATCH(A5+Parâmetros!$B$17,Curvas!$A$14:$A$112,0))*Parâmetros!$C$17 -> 37.5 | F5: =INDEX(Curvas!$G$14:$G$112,MATCH(A5+Parâmetros!$B$17,Curvas!$A$14:$A$112,0))*Parâmetros!$B$6*Parâmetros!$D$17 -> 133.38 | G5: =INDEX(Curvas!$C$14:$C$112,MATCH(A5+Parâmetros!$B$19,Curvas!$A$14:$A$112,0))*Parâmetros!$C$19 -> 62.8 | H5: =INDEX(Curvas!$G$14:$G$112,MATCH(A5+Parâmetros!$B$19,Curvas!$A$14:$A$112,0))*Parâmetros!$B$6*Parâmetros!$D$19 -> 270.45 | I5: =INDEX(Curvas!$C$14:$C$112,MATCH(A5+Parâmetros!$B$20,Curvas!$A$14:$A$112,0))*Parâmetros!$C$20 -> 31.4 | J5: =INDEX(Curvas!$G$14:$G$112,MATCH(A5+Parâmetros!$B$20,Curvas!$A$14:$A$112,0))*Parâmetros!$B$6*Parâmetros!$D$20 -> 270.45
A6: 2 | B6: =INDEX(Curvas!$C$14:$C$112,MATCH(A6,Curvas!$A$14:$A$112,0)) -> 9.2 | C6: =INDEX(Curvas!$D$14:$D$112,MATCH(A6,Curvas!$A$14:$A$112,0)) -> 2.61 | D6: =INDEX(Curvas!$G$14:$G$112,MATCH(A6,Curvas!$A$14:$A$112,0))*Parâmetros!$B$6 -> 34.38 | E6: =INDEX(Curvas!$C$14:$C$112,MATCH(A6+Parâmetros!$B$17,Curvas!$A$14:$A$112,0))*Parâmetros!$C$17 -> 47.1 | F6: =INDEX(Curvas!$G$14:$G$112,MATCH(A6+Parâmetros!$B$17,Curvas!$A$14:$A$112,0))*Parâmetros!$B$6*Parâmetros!$D$17 -> 162.27 | G6: =INDEX(Curvas!$C$14:$C$112,MATCH(A6+Parâmetros!$B$19,Curvas!$A$14:$A$112,0))*Parâmetros!$C$19 -> 75.6 | H6: =INDEX(Curvas!$G$14:$G$112,MATCH(A6+Parâmetros!$B$19,Curvas!$A$14:$A$112,0))*Parâmetros!$B$6*Parâmetros!$D$19 -> 318.6 | I6: =INDEX(Curvas!$C$14:$C$112,MATCH(A6+Parâmetros!$B$20,Curvas!$A$14:$A$112,0))*Parâmetros!$C$20 -> 37.8 | J6: =INDEX(Curvas!$G$14:$G$112,MATCH(A6+Parâmetros!$B$20,Curvas!$A$14:$A$112,0))*Parâmetros!$B$6*Parâmetros!$D$20 -> 318.6
A7: 3 | B7: =INDEX(Curvas!$C$14:$C$112,MATCH(A7,Curvas!$A$14:$A$112,0)) -> 12.5 | C7: =INDEX(Curvas!$D$14:$D$112,MATCH(A7,Curvas!$A$14:$A$112,0)) -> 3.37 | D7: =INDEX(Curvas!$G$14:$G$112,MATCH(A7,Curvas!$A$14:$A$112,0))*Parâmetros!$B$6 -> 44.46 | E7: =INDEX(Curvas!$C$14:$C$112,MATCH(A7+Parâmetros!$B$17,Curvas!$A$14:$A$112,0))*Parâmetros!$C$17 -> 56.7 | F7: =INDEX(Curvas!$G$14:$G$112,MATCH(A7+Parâmetros!$B$17,Curvas!$A$14:$A$112,0))*Parâmetros!$B$6*Parâmetros!$D$17 -> 191.16 | G7: =INDEX(Curvas!$C$14:$C$112,MATCH(A7+Parâmetros!$B$19,Curvas!$A$14:$A$112,0))*Parâmetros!$C$19 -> 88 | H7: =INDEX(Curvas!$G$14:$G$112,MATCH(A7+Parâmetros!$B$19,Curvas!$A$14:$A$112,0))*Parâmetros!$B$6*Parâmetros!$D$19 -> 367.65 | I7: =INDEX(Curvas!$C$14:$C$112,MATCH(A7+Parâmetros!$B$20,Curvas!$A$14:$A$112,0))*Parâmetros!$C$20 -> 44 | J7: =INDEX(Curvas!$G$14:$G$112,MATCH(A7+Parâmetros!$B$20,Curvas!$A$14:$A$112,0))*Parâmetros!$B$6*Parâmetros!$D$20 -> 367.65
A8: 4 | B8: =INDEX(Curvas!$C$14:$C$112,MATCH(A8,Curvas!$A$14:$A$112,0)) -> 15.7 | C8: =INDEX(Curvas!$D$14:$D$112,MATCH(A8,Curvas!$A$14:$A$112,0)) -> 4.07 | D8: =INDEX(Curvas!$G$14:$G$112,MATCH(A8,Curvas!$A$14:$A$112,0))*Parâmetros!$B$6 -> 54.09 | E8: =INDEX(Curvas!$C$14:$C$112,MATCH(A8+Parâmetros!$B$17,Curvas!$A$14:$A$112,0))*Parâmetros!$C$17 -> 66 | F8: =INDEX(Curvas!$G$14:$G$112,MATCH(A8+Parâmetros!$B$17,Curvas!$A$14:$A$112,0))*Parâmetros!$B$6*Parâmetros!$D$17 -> 220.59 | G8: =INDEX(Curvas!$C$14:$C$112,MATCH(A8+Parâmetros!$B$19,Curvas!$A$14:$A$112,0))*Parâmetros!$C$19 -> 100.8 | H8: =INDEX(Curvas!$G$14:$G$112,MATCH(A8+Parâmetros!$B$19,Curvas!$A$14:$A$112,0))*Parâmetros!$B$6*Parâmetros!$D$19 -> 418.05 | I8: =INDEX(Curvas!$C$14:$C$112,MATCH(A8+Parâmetros!$B$20,Curvas!$A$14:$A$112,0))*Parâmetros!$C$20 -> 50.4 | J8: =INDEX(Curvas!$G$14:$G$112,MATCH(A8+Parâmetros!$B$20,Curvas!$A$14:$A$112,0))*Parâmetros!$B$6*Parâmetros!$D$20 -> 418.05
A9: 5 | B9: =INDEX(Curvas!$C$14:$C$112,MATCH(A9,Curvas!$A$14:$A$112,0)) -> 18.9 | C9: =INDEX(Curvas!$D$14:$D$112,MATCH(A9,Curvas!$A$14:$A$112,0)) -> 4.71 | D9: =INDEX(Curvas!$G$14:$G$112,MATCH(A9,Curvas!$A$14:$A$112,0))*Parâmetros!$B$6 -> 63.72 | E9: =INDEX(Curvas!$C$14:$C$112,MATCH(A9+Parâmetros!$B$17,Curvas!$A$14:$A$112,0))*Parâmetros!$C$17 -> 75.6 | F9: =INDEX(Curvas!$G$14:$G$112,MATCH(A9+Parâmetros!$B$17,Curvas!$A$14:$A$112,0))*Parâmetros!$B$6*Parâmetros!$D$17 -> 250.83 | G9: =INDEX(Curvas!$C$14:$C$112,MATCH(A9+Parâmetros!$B$19,Curvas!$A$14:$A$112,0))*Parâmetros!$C$19 -> 113.6 | H9: =INDEX(Curvas!$G$14:$G$112,MATCH(A9+Parâmetros!$B$19,Curvas!$A$14:$A$112,0))*Parâmetros!$B$6*Parâmetros!$D$19 -> 470.7 | I9: =INDEX(Curvas!$C$14:$C$112,MATCH(A9+Parâmetros!$B$20,Curvas!$A$14:$A$112,0))*Parâmetros!$C$20 -> 56.8 | J9: =INDEX(Curvas!$G$14:$G$112,MATCH(A9+Parâmetros!$B$20,Curvas!$A$14:$A$112,0))*Parâmetros!$B$6*Parâmetros!$D$20 -> 470.7
A10: 6 | B10: =INDEX(Curvas!$C$14:$C$112,MATCH(A10,Curvas!$A$14:$A$112,0)) -> 22 | C10: =INDEX(Curvas!$D$14:$D$112,MATCH(A10,Curvas!$A$14:$A$112,0)) -> 5.33 | D10: =INDEX(Curvas!$G$14:$G$112,MATCH(A10,Curvas!$A$14:$A$112,0))*Parâmetros!$B$6 -> 73.53 | E10: =INDEX(Curvas!$C$14:$C$112,MATCH(A10+Parâmetros!$B$17,Curvas!$A$14:$A$112,0))*Parâmetros!$C$17 -> 85.2 | F10: =INDEX(Curvas!$G$14:$G$112,MATCH(A10+Parâmetros!$B$17,Curvas!$A$14:$A$112,0))*Parâmetros!$B$6*Parâmetros!$D$17 -> 282.42 | G10: =INDEX(Curvas!$C$14:$C$112,MATCH(A10+Parâmetros!$B$19,Curvas!$A$14:$A$112,0))*Parâmetros!$C$19 -> 126.8 | H10: =INDEX(Curvas!$G$14:$G$112,MATCH(A10+Parâmetros!$B$19,Curvas!$A$14:$A$112,0))*Parâmetros!$B$6*Parâmetros!$D$19 -> 526.05 | I10: =INDEX(Curvas!$C$14:$C$112,MATCH(A10+Parâmetros!$B$20,Curvas!$A$14:$A$112,0))*Parâmetros!$C$20 -> 63.4 | J10: =INDEX(Curvas!$G$14:$G$112,MATCH(A10+Parâmetros!$B$20,Curvas!$A$14:$A$112,0))*Parâmetros!$B$6*Parâmetros!$D$20 -> 526.05
A11: 7 | B11: =INDEX(Curvas!$C$14:$C$112,MATCH(A11,Curvas!$A$14:$A$112,0)) -> 25.2 | C11: =INDEX(Curvas!$D$14:$D$112,MATCH(A11,Curvas!$A$14:$A$112,0)) -> 5.92 | D11: =INDEX(Curvas!$G$14:$G$112,MATCH(A11,Curvas!$A$14:$A$112,0))*Parâmetros!$B$6 -> 83.61 | E11: =INDEX(Curvas!$C$14:$C$112,MATCH(A11+Parâmetros!$B$17,Curvas!$A$14:$A$112,0))*Parâmetros!$C$17 -> 95.1 | F11: =INDEX(Curvas!$G$14:$G$112,MATCH(A11+Parâmetros!$B$17,Curvas!$A$14:$A$112,0))*Parâmetros!$B$6*Parâmetros!$D$17 -> 315.63 | G11: =INDEX(Curvas!$C$14:$C$112,MATCH(A11+Parâmetros!$B$19,Curvas!$A$14:$A$112,0))*Parâmetros!$C$19 -> 140 | H11: =INDEX(Curvas!$G$14:$G$112,MATCH(A11+Parâmetros!$B$19,Curvas!$A$14:$A$112,0))*Parâmetros!$B$6*Parâmetros!$D$19 -> 583.65 | I11: =INDEX(Curvas!$C$14:$C$112,MATCH(A11+Parâmetros!$B$20,Curvas!$A$14:$A$112,0))*Parâmetros!$C$20 -> 70 | J11: =INDEX(Curvas!$G$14:$G$112,MATCH(A11+Parâmetros!$B$20,Curvas!$A$14:$A$112,0))*Parâmetros!$B$6*Parâmetros!$D$20 -> 583.65
A12: 8 | B12: =INDEX(Curvas!$C$14:$C$112,MATCH(A12,Curvas!$A$14:$A$112,0)) -> 28.4 | C12: =INDEX(Curvas!$D$14:$D$112,MATCH(A12,Curvas!$A$14:$A$112,0)) -> 6.49 | D12: =INDEX(Curvas!$G$14:$G$112,MATCH(A12,Curvas!$A$14:$A$112,0))*Parâmetros!$B$6 -> 94.14 | E12: =INDEX(Curvas!$C$14:$C$112,MATCH(A12+Parâmetros!$B$17,Curvas!$A$14:$A$112,0))*Parâmetros!$C$17 -> 105 | F12: =INDEX(Curvas!$G$14:$G$112,MATCH(A12+Parâmetros!$B$17,Curvas!$A$14:$A$112,0))*Parâmetros!$B$6*Parâmetros!$D$17 -> 350.19 | G12: =INDEX(Curvas!$C$14:$C$112,MATCH(A12+Parâmetros!$B$19,Curvas!$A$14:$A$112,0))*Parâmetros!$C$19 -> 153.6 | H12: =INDEX(Curvas!$G$14:$G$112,MATCH(A12+Parâmetros!$B$19,Curvas!$A$14:$A$112,0))*Parâmetros!$B$6*Parâmetros!$D$19 -> 644.4 | I12: =INDEX(Curvas!$C$14:$C$112,MATCH(A12+Parâmetros!$B$20,Curvas!$A$14:$A$112,0))*Parâmetros!$C$20 -> 76.8 | J12: =INDEX(Curvas!$G$14:$G$112,MATCH(A12+Parâmetros!$B$20,Curvas!$A$14:$A$112,0))*Parâmetros!$B$6*Parâmetros!$D$20 -> 644.4
A13: 9 | B13: =INDEX(Curvas!$C$14:$C$112,MATCH(A13,Curvas!$A$14:$A$112,0)) -> 31.7 | C13: =INDEX(Curvas!$D$14:$D$112,MATCH(A13,Curvas!$A$14:$A$112,0)) -> 7.05 | D13: =INDEX(Curvas!$G$14:$G$112,MATCH(A13,Curvas!$A$14:$A$112,0))*Parâmetros!$B$6 -> 105.21 | E13: =INDEX(Curvas!$C$14:$C$112,MATCH(A13+Parâmetros!$B$17,Curvas!$A$14:$A$112,0))*Parâmetros!$C$17 -> 115.2 | F13: =INDEX(Curvas!$G$14:$G$112,MATCH(A13+Parâmetros!$B$17,Curvas!$A$14:$A$112,0))*Parâmetros!$B$6*Parâmetros!$D$17 -> 386.64 | G13: =INDEX(Curvas!$C$14:$C$112,MATCH(A13+Parâmetros!$B$19,Curvas!$A$14:$A$112,0))*Parâmetros!$C$19 -> 167.6 | H13: =INDEX(Curvas!$G$14:$G$112,MATCH(A13+Parâmetros!$B$19,Curvas!$A$14:$A$112,0))*Parâmetros!$B$6*Parâmetros!$D$19 -> 708.75 | I13: =INDEX(Curvas!$C$14:$C$112,MATCH(A13+Parâmetros!$B$20,Curvas!$A$14:$A$112,0))*Parâmetros!$C$20 -> 83.8 | J13: =INDEX(Curvas!$G$14:$G$112,MATCH(A13+Parâmetros!$B$20,Curvas!$A$14:$A$112,0))*Parâmetros!$B$6*Parâmetros!$D$20 -> 708.75
A14: 10 | B14: =INDEX(Curvas!$C$14:$C$112,MATCH(A14,Curvas!$A$14:$A$112,0)) -> 35 | C14: =INDEX(Curvas!$D$14:$D$112,MATCH(A14,Curvas!$A$14:$A$112,0)) -> 7.6 | D14: =INDEX(Curvas!$G$14:$G$112,MATCH(A14,Curvas!$A$14:$A$112,0))*Parâmetros!$B$6 -> 116.73 | E14: =INDEX(Curvas!$C$14:$C$112,MATCH(A14+Parâmetros!$B$17,Curvas!$A$14:$A$112,0))*Parâmetros!$C$17 -> 125.7 | F14: =INDEX(Curvas!$G$14:$G$112,MATCH(A14+Parâmetros!$B$17,Curvas!$A$14:$A$112,0))*Parâmetros!$B$6*Parâmetros!$D$17 -> 425.25 | G14: =INDEX(Curvas!$C$14:$C$112,MATCH(A14+Parâmetros!$B$19,Curvas!$A$14:$A$112,0))*Parâmetros!$C$19 -> 182.4 | H14: =INDEX(Curvas!$G$14:$G$112,MATCH(A14+Parâmetros!$B$19,Curvas!$A$14:$A$112,0))*Parâmetros!$B$6*Parâmetros!$D$19 -> 776.7 | I14: =INDEX(Curvas!$C$14:$C$112,MATCH(A14+Parâmetros!$B$20,Curvas!$A$14:$A$112,0))*Parâmetros!$C$20 -> 91.2 | J14: =INDEX(Curvas!$G$14:$G$112,MATCH(A14+Parâmetros!$B$20,Curvas!$A$14:$A$112,0))*Parâmetros!$B$6*Parâmetros!$D$20 -> 776.7
A15: 11 | B15: =INDEX(Curvas!$C$14:$C$112,MATCH(A15,Curvas!$A$14:$A$112,0)) -> 38.4 | C15: =INDEX(Curvas!$D$14:$D$112,MATCH(A15,Curvas!$A$14:$A$112,0)) -> 8.15 | D15: =INDEX(Curvas!$G$14:$G$112,MATCH(A15,Curvas!$A$14:$A$112,0))*Parâmetros!$B$6 -> 128.88 | E15: =INDEX(Curvas!$C$14:$C$112,MATCH(A15+Parâmetros!$B$17,Curvas!$A$14:$A$112,0))*Parâmetros!$C$17 -> 136.8 | F15: =INDEX(Curvas!$G$14:$G$112,MATCH(A15+Parâmetros!$B$17,Curvas!$A$14:$A$112,0))*Parâmetros!$B$6*Parâmetros!$D$17 -> 466.02 | G15: =INDEX(Curvas!$C$14:$C$112,MATCH(A15+Parâmetros!$B$19,Curvas!$A$14:$A$112,0))*Parâmetros!$C$19 -> 197.2 | H15: =INDEX(Curvas!$G$14:$G$112,MATCH(A15+Parâmetros!$B$19,Curvas!$A$14:$A$112,0))*Parâmetros!$B$6*Parâmetros!$D$19 -> 848.7 | I15: =INDEX(Curvas!$C$14:$C$112,MATCH(A15+Parâmetros!$B$20,Curvas!$A$14:$A$112,0))*Parâmetros!$C$20 -> 98.6 | J15: =INDEX(Curvas!$G$14:$G$112,MATCH(A15+Parâmetros!$B$20,Curvas!$A$14:$A$112,0))*Parâmetros!$B$6*Parâmetros!$D$20 -> 848.7
A16: 12 | B16: =INDEX(Curvas!$C$14:$C$112,MATCH(A16,Curvas!$A$14:$A$112,0)) -> 41.9 | C16: =INDEX(Curvas!$D$14:$D$112,MATCH(A16,Curvas!$A$14:$A$112,0)) -> 8.69 | D16: =INDEX(Curvas!$G$14:$G$112,MATCH(A16,Curvas!$A$14:$A$112,0))*Parâmetros!$B$6 -> 141.75 | E16: =INDEX(Curvas!$C$14:$C$112,MATCH(A16+Parâmetros!$B$17,Curvas!$A$14:$A$112,0))*Parâmetros!$C$17 -> 147.9 | F16: =INDEX(Curvas!$G$14:$G$112,MATCH(A16+Parâmetros!$B$17,Curvas!$A$14:$A$112,0))*Parâmetros!$B$6*Parâmetros!$D$17 -> 509.22 | G16: =INDEX(Curvas!$C$14:$C$112,MATCH(A16+Parâmetros!$B$19,Curvas!$A$14:$A$112,0))*Parâmetros!$C$19 -> 212.4 | H16: =INDEX(Curvas!$G$14:$G$112,MATCH(A16+Parâmetros!$B$19,Curvas!$A$14:$A$112,0))*Parâmetros!$B$6*Parâmetros!$D$19 -> 924.75 | I16: =INDEX(Curvas!$C$14:$C$112,MATCH(A16+Parâmetros!$B$20,Curvas!$A$14:$A$112,0))*Parâmetros!$C$20 -> 106.2 | J16: =INDEX(Curvas!$G$14:$G$112,MATCH(A16+Parâmetros!$B$20,Curvas!$A$14:$A$112,0))*Parâmetros!$B$6*Parâmetros!$D$20 -> 924.75
... A44: 40 | B44: =INDEX(Curvas!$C$14:$C$112,MATCH(A44,Curvas!$A$14:$A$112,0)) -> 205.4 | C44: =INDEX(Curvas!$D$14:$D$112,MATCH(A44,Curvas!$A$14:$A$112,0)) -> 24.74 | D44: =INDEX(Curvas!$G$14:$G$112,MATCH(A44,Curvas!$A$14:$A$112,0))*Parâmetros!$B$6 -> 1086.57 | E44: =INDEX(Curvas!$C$14:$C$112,MATCH(A44+Parâmetros!$B$17,Curvas!$A$14:$A$112,0))*Parâmetros!$C$17 -> 672.6 | F44: =INDEX(Curvas!$G$14:$G$112,MATCH(A44+Parâmetros!$B$17,Curvas!$A$14:$A$112,0))*Parâmetros!$B$6*Parâmetros!$D$17 -> 3700.08 | G44: =INDEX(Curvas!$C$14:$C$112,MATCH(A44+Parâmetros!$B$19,Curvas!$A$14:$A$112,0))*Parâmetros!$C$19 -> 936.4 | H44: =INDEX(Curvas!$G$14:$G$112,MATCH(A44+Parâmetros!$B$19,Curvas!$A$14:$A$112,0))*Parâmetros!$B$6*Parâmetros!$D$19 -> 6566.85 | I44: =INDEX(Curvas!$C$14:$C$112,MATCH(A44+Parâmetros!$B$20,Curvas!$A$14:$A$112,0))*Parâmetros!$C$20 -> 468.2 | J44: =INDEX(Curvas!$G$14:$G$112,MATCH(A44+Parâmetros!$B$20,Curvas!$A$14:$A$112,0))*Parâmetros!$B$6*Parâmetros!$D$20 -> 6566.85

Sheet Fator Nível
A1: Fator de XP pela diferença de nível
A2: Δ = nível do monstro − nível da proficiência. Fonte: classic.battle.net/diablo2exp/basics/experience.shtml (tabela para personagens abaixo do nível 25)
A4: Δ | B4: Fator | C4: Leitura
A5: -10 | B5: 0.05 | C5: Monstro trivial (piso)
A6: -9 | B6: 0.24 | C6: Monstro bem mais fraco
A7: -8 | B7: 0.43 | C7: Monstro bem mais fraco
A8: -7 | B8: 0.62 | C8: Monstro bem mais fraco
A9: -6 | B9: 0.81 | C9: Monstro bem mais fraco
A10: -5 | B10: 1 | C10: Faixa cheia (±5)
A11: -4 | B11: 1 | C11: Faixa cheia (±5)
A12: -3 | B12: 1 | C12: Faixa cheia (±5)
A13: -2 | B13: 1 | C13: Faixa cheia (±5)
A14: -1 | B14: 1 | C14: Faixa cheia (±5)
A15: 0 | B15: 1 | C15: Faixa cheia (±5)
A16: 1 | B16: 1 | C16: Faixa cheia (±5)
... A25: 10 | B25: 0.02 | C25: Teto: monstro alto demais
A27: Fora de −10..+10 vale o valor da ponta. Isso desestimula tanto farmar monstros fracos quanto ser "puxado" por monstros muito acima.

Sheet Curvas
A1: Curvas próprias: a × n^p × g^n
A2: Mesmos valores de src/aethelgard/data/curves.json. Mude a, p ou g e todo o resto recalcula.
A4: Curva | B4: a | C4: p | D4: g | E4: Observação
A5: XP da proficiência para o próximo nível | B5: 260 | C5: 0.86 | D5: 1.164 | E5: Arredondado para múltiplos de 10.
A6: XP do monstro (antes do Exp% do tipo) | B6: 24.3 | C6: 0.506 | D6: 1.0523
A7: Vida do monstro (% da base do tipo) | B7: 5.35 | C7: 0.7 | D7: 1.027
A8: Dano do monstro (% da base do tipo) | B8: 1.67 | C8: 0.61 | D8: 1.0112
A9: Precisão do monstro | B9: 5.9 | C9: 1.18 | D9: 0.9975
A11: Defesa do monstro por nível | B11: 6
A13: Nível | B13: XP total para chegar ao nível seguinte | C13: Monstro: Vida % | D13: Monstro: Dano % | E13: Monstro: Defesa | F13: Monstro: Precisão | G13: Monstro: XP
A14: 1 | B14: =MAX(10,ROUND($B$5*A14^$C$5*$D$5^A14/10,0)*10) -> 300 | C14: =ROUND($B$7*A14^$C$7*$D$7^A14,1) -> 5.5 | D14: =ROUND($B$8*A14^$C$8*$D$8^A14,2) -> 1.69 | E14: =$B$11*A14 -> 6 | F14: =ROUND($B$9*A14^$C$9*$D$9^A14,1) -> 5.9 | G14: =ROUND($B$6*A14^$C$6*$D$6^A14,1) -> 25.6
A15: 2 | B15: =B14+MAX(10,ROUND($B$5*A15^$C$5*$D$5^A15/10,0)*10) -> 940 | C15: =ROUND($B$7*A15^$C$7*$D$7^A15,1) -> 9.2 | D15: =ROUND($B$8*A15^$C$8*$D$8^A15,2) -> 2.61 | E15: =$B$11*A15 -> 12 | F15: =ROUND($B$9*A15^$C$9*$D$9^A15,1) -> 13.3 | G15: =ROUND($B$6*A15^$C$6*$D$6^A15,1) -> 38.2
A16: 3 | B16: =B15+MAX(10,ROUND($B$5*A16^$C$5*$D$5^A16/10,0)*10) -> 1990 | C16: =ROUND($B$7*A16^$C$7*$D$7^A16,1) -> 12.5 | D16: =ROUND($B$8*A16^$C$8*$D$8^A16,2) -> 3.37 | E16: =$B$11*A16 -> 18 | F16: =ROUND($B$9*A16^$C$9*$D$9^A16,1) -> 21.4 | G16: =ROUND($B$6*A16^$C$6*$D$6^A16,1) -> 49.4
A17: 4 | B17: =B16+MAX(10,ROUND($B$5*A17^$C$5*$D$5^A17/10,0)*10) -> 3560 | C17: =ROUND($B$7*A17^$C$7*$D$7^A17,1) -> 15.7 | D17: =ROUND($B$8*A17^$C$8*$D$8^A17,2) -> 4.07 | E17: =$B$11*A17 -> 24 | F17: =ROUND($B$9*A17^$C$9*$D$9^A17,1) -> 30 | G17: =ROUND($B$6*A17^$C$6*$D$6^A17,1) -> 60.1
A18: 5 | B18: =B17+MAX(10,ROUND($B$5*A18^$C$5*$D$5^A18/10,0)*10) -> 5780 | C18: =ROUND($B$7*A18^$C$7*$D$7^A18,1) -> 18.9 | D18: =ROUND($B$8*A18^$C$8*$D$8^A18,2) -> 4.71 | E18: =$B$11*A18 -> 30 | F18: =ROUND($B$9*A18^$C$9*$D$9^A18,1) -> 38.9 | G18: =ROUND($B$6*A18^$C$6*$D$6^A18,1) -> 70.8
A19: 6 | B19: =B18+MAX(10,ROUND($B$5*A19^$C$5*$D$5^A19/10,0)*10) -> 8800 | C19: =ROUND($B$7*A19^$C$7*$D$7^A19,1) -> 22 | D19: =ROUND($B$8*A19^$C$8*$D$8^A19,2) -> 5.33 | E19: =$B$11*A19 -> 36 | F19: =ROUND($B$9*A19^$C$9*$D$9^A19,1) -> 48.1 | G19: =ROUND($B$6*A19^$C$6*$D$6^A19,1) -> 81.7
A20: 7 | B20: =B19+MAX(10,ROUND($B$5*A20^$C$5*$D$5^A20/10,0)*10) -> 12810 | C20: =ROUND($B$7*A20^$C$7*$D$7^A20,1) -> 25.2 | D20: =ROUND($B$8*A20^$C$8*$D$8^A20,2) -> 5.92 | E20: =$B$11*A20 -> 42 | F20: =ROUND($B$9*A20^$C$9*$D$9^A20,1) -> 57.6 | G20: =ROUND($B$6*A20^$C$6*$D$6^A20,1) -> 92.9
A21: 8 | B21: =B20+MAX(10,ROUND($B$5*A21^$C$5*$D$5^A21/10,0)*10) -> 18050 | C21: =ROUND($B$7*A21^$C$7*$D$7^A21,1) -> 28.4 | D21: =ROUND($B$8*A21^$C$8*$D$8^A21,2) -> 6.49 | E21: =$B$11*A21 -> 48 | F21: =ROUND($B$9*A21^$C$9*$D$9^A21,1) -> 67.3 | G21: =ROUND($B$6*A21^$C$6*$D$6^A21,1) -> 104.6
A22: 9 | B22: =B21+MAX(10,ROUND($B$5*A22^$C$5*$D$5^A22/10,0)*10) -> 24800 | C22: =ROUND($B$7*A22^$C$7*$D$7^A22,1) -> 31.7 | D22: =ROUND($B$8*A22^$C$8*$D$8^A22,2) -> 7.05 | E22: =$B$11*A22 -> 54 | F22: =ROUND($B$9*A22^$C$9*$D$9^A22,1) -> 77.1 | G22: =ROUND($B$6*A22^$C$6*$D$6^A22,1) -> 116.9
A23: 10 | B23: =B22+MAX(10,ROUND($B$5*A23^$C$5*$D$5^A23/10,0)*10) -> 33400 | C23: =ROUND($B$7*A23^$C$7*$D$7^A23,1) -> 35 | D23: =ROUND($B$8*A23^$C$8*$D$8^A23,2) -> 7.6 | E23: =$B$11*A23 -> 60 | F23: =ROUND($B$9*A23^$C$9*$D$9^A23,1) -> 87.1 | G23: =ROUND($B$6*A23^$C$6*$D$6^A23,1) -> 129.7
A24: 11 | B24: =B23+MAX(10,ROUND($B$5*A24^$C$5*$D$5^A24/10,0)*10) -> 44270 | C24: =ROUND($B$7*A24^$C$7*$D$7^A24,1) -> 38.4 | D24: =ROUND($B$8*A24^$C$8*$D$8^A24,2) -> 8.15 | E24: =$B$11*A24 -> 66 | F24: =ROUND($B$9*A24^$C$9*$D$9^A24,1) -> 97.2 | G24: =ROUND($B$6*A24^$C$6*$D$6^A24,1) -> 143.2
A25: 12 | B25: =B24+MAX(10,ROUND($B$5*A25^$C$5*$D$5^A25/10,0)*10) -> 57900 | C25: =ROUND($B$7*A25^$C$7*$D$7^A25,1) -> 41.9 | D25: =ROUND($B$8*A25^$C$8*$D$8^A25,2) -> 8.69 | E25: =$B$11*A25 -> 72 | F25: =ROUND($B$9*A25^$C$9*$D$9^A25,1) -> 107.5 | G25: =ROUND($B$6*A25^$C$6*$D$6^A25,1) -> 157.5
A26: 13 | B26: =B25+MAX(10,ROUND($B$5*A26^$C$5*$D$5^A26/10,0)*10) -> 74900 | C26: =ROUND($B$7*A26^$C$7*$D$7^A26,1) -> 45.6 | D26: =ROUND($B$8*A26^$C$8*$D$8^A26,2) -> 9.23 | E26: =$B$11*A26 -> 78 | F26: =ROUND($B$9*A26^$C$9*$D$9^A26,1) -> 117.8 | G26: =ROUND($B$6*A26^$C$6*$D$6^A26,1) -> 172.6
... A112: 99 | B112: =B111+MAX(10,ROUND($B$5*A112^$C$5*$D$5^A112/10,0)*10) -> 307461728030 | C112: =ROUND($B$7*A112^$C$7*$D$7^A112,1) -> 1865.4 | D112: =ROUND($B$8*A112^$C$8*$D$8^A112,2) -> 82.97 | E112: =$B$11*A112 -> 594 | F112: =ROUND($B$9*A112^$C$9*$D$9^A112,1) -> 1042.5 | G112: =ROUND($B$6*A112^$C$6*$D$6^A112,1) -> 38655.8
